tweet_id,username,name,profile_picture,replies,retweets,likes,is_retweet,posted_time,content,hashtags,mentions,images,videos,tweet_url,link
1518373022138310661,EmailGuto,guto,https://twitter.com/EmailGuto/photo,0,0,0,False,2022-04-24T23:35:13+00:00,"VAI TOMA NO CU 
@SonyPictures",[],['SonyPictures'],[],[],https://twitter.com/EmailGuto/status/1518373022138310661,
1518372361925533699,bmking72,Brian King,https://twitter.com/bmking72/photo,0,0,0,False,2022-04-24T23:32:35+00:00,"@Jeopardy
 @Sony
 @SonyPictures
 PLEASE HIRE KEN JENNINGS or at least please get rid of Mayium Baluak and bring in someone new, maybe a nobody who resembles Alex Trebek if Ken is unavailable",[],"['Jeopardy', 'Sony', 'SonyPictures']",[],[],https://twitter.com/bmking72/status/1518372361925533699,https://t.co/T7wwqIjzU9
1518371576034435072,TheCulturedNerd,The Cultured Nerd,https://twitter.com/TheCulturedNerd/photo,2,3,11,False,2022-04-24T23:29:28+00:00,"If the rumors and leaks are true, Sounds like 
@SonyPictures
 is keen on setting up the #SinisterSix‚Ä¶ and they already have a few names in mind for their #Spiderman villains.","['SinisterSix', 'Spiderman']",['SonyPictures'],[],[],https://twitter.com/TheCulturedNerd/status/1518371576034435072,https://t.co/cc4yWmCZE1
1518367138226049024,Clair12556106,Clair,https://twitter.com/Clair12556106/photo,0,0,0,False,2022-04-24T23:11:50+00:00,"@SonyPictures
 Release the rights for Masters of Sex so Showtime
can air it on demand? 
Please and thanks ",[],['SonyPictures'],[],[],https://twitter.com/Clair12556106/status/1518367138226049024,
1518364473416949766,FanTobeymaguire,tobey fan,https://twitter.com/FanTobeymaguire/photo,0,0,0,False,2022-04-24T23:01:14+00:00,Andrew sucks cgi doesnt make him good #makeraimispiderman4,['makeraimispiderman4'],[],[],[],https://twitter.com/FanTobeymaguire/status/1518364473416949766,
1518363248965337088,conquer_noah,thepingaspuncher,https://twitter.com/conquer_noah/photo,0,0,1,False,2022-04-24T22:56:23+00:00,"POV: you just heard that 
@SonyPictures
  just delayed Spider-Man across the spider verse until June",[],['SonyPictures'],['https://pbs.twimg.com/media/FRJPU8pXMAA_28i?format=jpg&name=small'],[],https://twitter.com/conquer_noah/status/1518363248965337088,
1518362217095311362,felisarisatia,La T√≠a Felisa,https://twitter.com/felisarisatia/photo,0,0,1,False,2022-04-24T22:52:17+00:00,¬øTerror? Creo que vi otra pel√≠cula‚Ä¶ ,[],[],[],[],https://twitter.com/felisarisatia/status/1518362217095311362,
1518360662245875714,KromicB,KROMIC BRUCK,https://twitter.com/KromicB/photo,0,0,0,False,2022-04-24T22:46:06+00:00,Soy fan del Kraven cl√°sico de pelo corto.,[],[],[],[],https://twitter.com/KromicB/status/1518360662245875714,
1518359049498251264,DaGrnYTer,TheGreenYoutuber (dm me ‚Äútomato‚Äù),https://twitter.com/DaGrnYTer/photo,0,0,1,False,2022-04-24T22:39:41+00:00,"@SonyPictures
 @MarvelStudios",[],"['SonyPictures', 'MarvelStudios']",[],[],https://twitter.com/DaGrnYTer/status/1518359049498251264,
1518358108329947138,KromicB,KROMIC BRUCK,https://twitter.com/KromicB/photo,0,0,0,False,2022-04-24T22:35:57+00:00,Es lo que digo yo! ,[],[],[],[],https://twitter.com/KromicB/status/1518358108329947138,
1518354034830319616,henks_miller,Henks_Miller,https://twitter.com/henks_miller/photo,0,0,0,False,2022-04-24T22:19:46+00:00,"Oloko, eu retwetei isso a 2 anos atr√°s e quem diria...ele voltou e o tobey tamb√©m ",[],[],[],[],https://twitter.com/henks_miller/status/1518354034830319616,
1518347950602080257,JayKnuth,Blvckout4.20,https://twitter.com/JayKnuth/photo,0,0,0,False,2022-04-24T21:55:35+00:00,"So when will the studio finally make Mandrake the magician live action movie or live action series hmm 
@wbpictures
 @hbomax
 @SonyPictures
 @Lionsgate
 @netflix",[],"['wbpictures', 'hbomax', 'SonyPictures', 'Lionsgate', 'netflix']",['https://pbs.twimg.com/media/FRJBaftVsAA7Lah?format=jpg&name=small'],[],https://twitter.com/JayKnuth/status/1518347950602080257,
1518333967606370304,TheLadSam1,z - TheLadSam,https://twitter.com/TheLadSam1/photo,0,0,0,False,2022-04-24T21:00:01+00:00,Me,[],[],[],[],https://twitter.com/TheLadSam1/status/1518333967606370304,
1518328321079140352,AlifKha78561594,#Maketasm3,https://twitter.com/AlifKha78561594/photo,0,0,2,False,2022-04-24T20:37:35+00:00,"@SonyPictures
 #MakeTASM3",['MakeTASM3'],['SonyPictures'],[],[],https://twitter.com/AlifKha78561594/status/1518328321079140352,
1518323325012959232,StuartGreen2018,Stuart #UndoOneMoreDay Green,https://twitter.com/StuartGreen2018/photo,0,2,2,False,2022-04-24T20:17:44+00:00,"I have a petition that asks 
@SonyPictures
 and Marvel Studios to bring back Tobey Maguire as Peter Parker for a fourth Spider-Man film directed by Sam Raimi and for more M.C.U. appearances. Would anyone like to sign this petition?
#MakeRaimiSpiderman4",['MakeRaimiSpiderman4'],['SonyPictures'],[],[],https://twitter.com/StuartGreen2018/status/1518323325012959232,https://t.co/SaF2K5KZOE
1518322779862491136,RPCol,Radim Vr√°bel (Rpu4)SLOVAKIA,https://twitter.com/RPCol/photo,0,0,0,False,2022-04-24T20:15:34+00:00,"I don't mean to brag but 
@TheBatman
 is going to be released in UHD 4K in Slovakia on 1st of June. No matter the fact that it is on 
@hbomax
 I will buy it. That is why 
@wbpictures
 & 
@DCComics
 is superior over 
@Disney
 @MarvelStudios
 & 
@SonyPictures
 
.
.
.
Also 
@hbomax
 has BirdGril.",[],"['TheBatman', 'hbomax', 'wbpictures', 'DCComics', 'Disney', 'MarvelStudios', 'SonyPictures', 'hbomax']",[],[],https://twitter.com/RPCol/status/1518322779862491136,
1518322118219468802,GMarvelita,Geek Marvelita,https://twitter.com/GMarvelita/photo,0,3,5,False,2022-04-24T20:12:56+00:00,"La programacion de la #CinemaCon se ha publicado.

 Lunes:SonyPictures
 Martes:Ne√≥n y WB
 Mi√©rcoles:Funciones de Disney, Universal y Focus
 Jueves:Paramount y Lionsgate

 Universal proyectar√° #TheBlackPhone el martes y Paramount proyectar√° #TopGunMaverick  el jueves.

 
@ErikDavis","['CinemaCon', 'TheBlackPhone', 'TopGunMaverick']",['ErikDavis'],['https://pbs.twimg.com/media/FRIp6CxWQAMVja1?format=jpg&name=small'],[],https://twitter.com/GMarvelita/status/1518322118219468802,
1518320645997744130,RPCol,Radim Vr√°bel (Rpu4)SLOVAKIA,https://twitter.com/RPCol/photo,1,0,0,False,2022-04-24T20:07:05+00:00,"I have seen this clip going on & on. (Note: I would like this movie but  
@Disney
 & 
@SonyPictures
 decided MCU movies don't need to be sold in Slovakia.)

Vampires can't be seen in the mirror. My questions are: What are the clothes made of? What if a human buy them, by mistake?",[],"['Disney', 'SonyPictures']",[],[],https://twitter.com/RPCol/status/1518320645997744130,
1518319609065127937,blancagoize,Goize Blanco,https://twitter.com/blancagoize/photo,0,0,2,False,2022-04-24T20:02:58+00:00,,[],[],[],[],https://twitter.com/blancagoize/status/1518319609065127937,
1518317806202363904,soulchaserbecky,Becky Hill,https://twitter.com/soulchaserbecky/photo,0,1,2,False,2022-04-24T19:55:48+00:00,"I have FINALLY watched 
@SpiderManMovie
 #SpiderManNoWayHome 

My Spidey loving heart is full to bursting for the passionate youthful energy in both cast and crew that has restored our beloved Web Head(s) to glory.

This can not be the end 
@SonyPictures
 @MarvelStudios",['SpiderManNoWayHome'],"['SpiderManMovie', 'SonyPictures', 'MarvelStudios']",[],['https://video.twimg.com/tweet_video/FRIl_kMWYAAdAWu.mp4'],https://twitter.com/soulchaserbecky/status/1518317806202363904,
1518317567718395904,symbrcck,Venom ForeverìÉµ,https://twitter.com/symbrcck/photo,1,2,19,False,2022-04-24T19:54:51+00:00,@/SonyPictures please let Eddie workout in venom 3 I mean..he‚Äôs got the equipment,[],[],[],['https://video.twimg.com/tweet_video/FRIltagWQAAZj2q.mp4'],https://twitter.com/symbrcck/status/1518317567718395904,
1518315004721876994,liurneycinemax,LŒπœÖ…æ…≥“Ω·Éß CŒπ…≥“ΩMŒ±x ‚úæ,https://twitter.com/liurneycinemax/photo,2,1,6,False,2022-04-24T19:44:40+00:00," OFICIAL 

#Morbius acumula solo 156 Millones en la Taquilla Mundial, datos desastrosos para el Universo de Marvel de #SonyPictures.","['Morbius', 'SonyPictures']",[],[],[],https://twitter.com/liurneycinemax/status/1518315004721876994,
1518309265143861248,Magneto171,Magneto19,https://twitter.com/Magneto171/photo,0,1,2,False,2022-04-24T19:21:52+00:00,"I finally watched the new 
@Ghostbusters
 movie and not gonna lie I did tear up when #DrEgon spirit showed up to help  it was an epic ending  
@dan_aykroyd
 @SonyPictures
 @JasonReitman
 @Ernie_Hudson
 @anniepotts
 @MckennaGraceful
 @GBNewsdotcom
 #ghostbusters #Ghostbustersafterlife","['DrEgon', 'ghostbusters', 'Ghostbustersafterlife']","['Ghostbusters', 'dan_aykroyd', 'SonyPictures', 'JasonReitman', 'Ernie_Hudson', 'anniepotts', 'MckennaGraceful', 'GBNewsdotcom']","['https://pbs.twimg.com/media/FRIeNLJVcAAdA2z?format=jpg&name=360x360', 'https://pbs.twimg.com/media/FRIeNmvVEAAhPFL?format=jpg&name=360x360', 'https://pbs.twimg.com/media/FRIeOIzVIAASueC?format=jpg&name=360x360', 'https://pbs.twimg.com/media/FRIeOlKVgAEV2Bp?format=jpg&name=360x360']",[],https://twitter.com/Magneto171/status/1518309265143861248,
1518304942653685760,ClahkyTheChief,Christian Clark,https://twitter.com/ClahkyTheChief/photo,0,0,0,False,2022-04-24T19:04:41+00:00,"OH MY GOD STOP 
@SonyPictures",[],['SonyPictures'],[],[],https://twitter.com/ClahkyTheChief/status/1518304942653685760,
1518303396456898560,WebPassSocial,WebPass Social,https://twitter.com/WebPassSocial/photo,0,0,0,False,2022-04-24T18:58:33+00:00,#Movies #AaronTaylorJohnson #Marvel #MovieNews #SonyPictures Kraven The Hunter Set Photos Show Aaron Taylor-Johnson Wearing Signature Necklace,"['Movies', 'AaronTaylorJohnson', 'Marvel', 'MovieNews', 'SonyPictures']",[],[],[],https://twitter.com/WebPassSocial/status/1518303396456898560,https://t.co/MDZaGuRc3t
1518300037570252803,CepaEl,Regresa El Cepa,https://twitter.com/CepaEl/photo,1,0,3,False,2022-04-24T18:45:12+00:00,"Con Goize, siempre bien. No nos la perdemos.",[],[],[],[],https://twitter.com/CepaEl/status/1518300037570252803,
1518295908072448002,JESDREWSW,Lorenzo Ruiz,https://twitter.com/JESDREWSW/photo,0,0,0,False,2022-04-24T18:28:47+00:00,Where Sony?,[],[],[],[],https://twitter.com/JESDREWSW/status/1518295908072448002,
1518294890504986627,cactus_obama,cactus obama,https://twitter.com/cactus_obama/photo,0,0,1,False,2022-04-24T18:24:45+00:00,"Are you the real spider-man, cuz daddy Optimus prime wants some sugar",[],[],[],[],https://twitter.com/cactus_obama/status/1518294890504986627,
1518291308263227396,Demon_Griff,Griffin,https://twitter.com/Demon_Griff/photo,0,0,0,False,2022-04-24T18:10:31+00:00,Can someone please start a petition for this movie??? WE NEED THIS MOVIE TO HAPPEN!!!!!,[],[],[],[],https://twitter.com/Demon_Griff/status/1518291308263227396,
1518288807098998785,MagaZinema_,MagaZinema,https://twitter.com/MagaZinema_/photo,0,0,1,False,2022-04-24T18:00:34+00:00,"¬°Seguimos en #Twitch!

Estamos con parte del elenco de #Veneciafrenia hablando (¬°SIN SPOILERS!) de la nueva pel√≠cula de 
@alexdelaIglesia
.

¬°Vente y pregunta lo que te apetezca!

 https://twitch.tv/magazinema_es
@pokeepsie_films
 @acapipola
 @sonypictures_es
 @AnaLopezActores","['Twitch', 'Veneciafrenia']","['alexdelaIglesia', 'pokeepsie_films', 'acapipola', 'sonypictures_es', 'AnaLopezActores']",['https://pbs.twimg.com/media/FRILn9yWYAYhtre?format=jpg&name=small'],[],https://twitter.com/MagaZinema_/status/1518288807098998785,
1518288048496287745,MrPeliculitas,El Peliculitas,https://twitter.com/MrPeliculitas/photo,0,4,25,False,2022-04-24T17:57:33+00:00,"Me alegra mucho ver a la gente hablando tan bien de #Veneciafrenia y haberla vuelto a ver y disfrutado m√°s que la primera vez. Enhorabuena 
@pokeepsie_films
 @sonypictures_es
 @alexdelaIglesia
 @acapipola
 @PrimeVideoES
 y todo el equipo. Queremos m√°s #TheFEARCollection","['Veneciafrenia', 'TheFEARCollection']","['pokeepsie_films', 'sonypictures_es', 'alexdelaIglesia', 'acapipola', 'PrimeVideoES']",['https://pbs.twimg.com/media/FRIK7icWQAArhFH?format=jpg&name=small'],[],https://twitter.com/MrPeliculitas/status/1518288048496287745,
1518286100443377666,0ly_97,Pedro Miguel Oliveira,https://twitter.com/0ly_97/photo,0,0,0,False,2022-04-24T17:49:49+00:00,"Please 
@SonyPictures
 make Uncharted 2 Movie!!!",[],['SonyPictures'],[],[],https://twitter.com/0ly_97/status/1518286100443377666,
1518285568702095361,comaxfusco,cosimo fusco,https://twitter.com/comaxfusco/photo,0,0,2,False,2022-04-24T17:47:42+00:00,,[],[],[],[],https://twitter.com/comaxfusco/status/1518285568702095361,
1518284799219277825,blancagoize,Goize Blanco,https://twitter.com/blancagoize/photo,0,0,3,False,2022-04-24T17:44:39+00:00,"gracias, Victoorrr",[],[],[],[],https://twitter.com/blancagoize/status/1518284799219277825,
1518283125855510528,ModaPunta,Moda Punta,https://twitter.com/ModaPunta/photo,0,0,0,False,2022-04-24T17:38:00+00:00," Veneciafrenia
 https://modapunta.com/noticia/7626/estrenos/veneciafrenia.html‚Ä¶
 #ModaPunta #Veneciafrenia #Estrenos #Cartelera #Cine #Ocio #Cultura #TheFearCollection #Eliofilm 
 
@pokeepsie_films
 @sonypictures_es
 @AmazonStudios
 @TLM_tweet","['ModaPunta', 'Veneciafrenia', 'Estrenos', 'Cartelera', 'Cine', 'Ocio', 'Cultura', 'TheFearCollection', 'Eliofilm']","['pokeepsie_films', 'sonypictures_es', 'AmazonStudios', 'TLM_tweet']",[],[],https://twitter.com/ModaPunta/status/1518283125855510528,https://t.co/7LUmvSlIOz
1518280810717138948,_SwaggyDexx,D‚Ç¨XX,https://twitter.com/_SwaggyDexx/photo,0,0,1,False,2022-04-24T17:28:48+00:00,"Wish y‚Äôall never canceled The boondocks this year . PLEASE BRING IT BACK !!! 
@hbomax
 @SonyPictures",[],"['hbomax', 'SonyPictures']",[],[],https://twitter.com/_SwaggyDexx/status/1518280810717138948,
1518276459521253376,_ifUfallher,‚í∫,https://twitter.com/_ifUfallher/photo,0,0,0,False,2022-04-24T17:11:30+00:00,"I want to appreciative of directors, editors, actors and other crew members that created the best movies of Spider Man. Thank you so much for abilities, patience of you to make me love Spidy very much. You are successful  
@SonyPictures
 @SpiderManMovie
 @MarvelStudios",[],"['SonyPictures', 'SpiderManMovie', 'MarvelStudios']",[],[],https://twitter.com/_ifUfallher/status/1518276459521253376,
1518276091567382531,MagaZinema_,MagaZinema,https://twitter.com/MagaZinema_/photo,0,2,10,False,2022-04-24T17:10:03+00:00,"¬°Estamos en #Twitch!

¬°Y en maravillosa compa√±√≠a! 
@bertobang
 y 
@blancagoize
 vienen a hablar de #Veneciafrenia (¬°SIN SPOILERS!), la nueva de 
@alexdelaIglesia
.



¬°Vente y pregunta!

https://twitch.tv/magazinema_es 
@pokeepsie_films
 @acapipola
 @sonypictures_es
 @AnaLopezActores","['Twitch', 'Veneciafrenia']","['bertobang', 'blancagoize', 'alexdelaIglesia', 'pokeepsie_films', 'acapipola', 'sonypictures_es', 'AnaLopezActores']","['https://pbs.twimg.com/media/FRIADsvWYAMc1SC?format=jpg&name=360x360', 'https://pbs.twimg.com/media/FRIADpSXIAI1KPb?format=jpg&name=360x360']",[],https://twitter.com/MagaZinema_/status/1518276091567382531,
1518274779601686529,MatTvWebzine,MatTv.ca,https://twitter.com/MatTvWebzine/photo,0,0,0,False,2022-04-24T17:04:50+00:00,"La critique de 
@GenestMartial
 du film #ParallelMothers de 
@SonyPictures",['ParallelMothers'],"['GenestMartial', 'SonyPictures']",[],[],https://twitter.com/MatTvWebzine/status/1518274779601686529,https://t.co/CKjabXt5PW
1518273377881968645,VMatellano,V√≠ctor Matellano,https://twitter.com/VMatellano/photo,3,4,19,False,2022-04-24T16:59:16+00:00,"No me pierdo un trabajo de 
@alexdelaIglesia
, maestro. 

Y m√°s si salen bufones, teatros abandonados, la decadente Venecia, y Armando de Razza o 
@comaxfusco
 

Y, por supuesto, si est√° 
@blancagoize
 en el reparto. 

#Veneciafrenia 
@pokeepsie_films
 @sonypictures_es",['Veneciafrenia'],"['alexdelaIglesia', 'comaxfusco', 'blancagoize', 'pokeepsie_films', 'sonypictures_es']",[],[],https://twitter.com/VMatellano/status/1518273377881968645,
1518272225966755842,GogaDorin97,Dorin Vlad,https://twitter.com/GogaDorin97/photo,0,0,0,False,2022-04-24T16:54:41+00:00,"Day 156 of asking 
@MarvelStudios
 for that #MarvelBoy movie
Let's build this epic project together 
@SonyPictures
 @Marvel
 
@RobertDowneyJr
 @chrishemsworth
 @ChrisEvans
 @JeremyRenner
 @MarkRuffalo
 @VancityReynolds
 @TaikaWaititi
 
#Marvel #marvelcomics","['MarvelBoy', 'Marvel', 'marvelcomics']","['MarvelStudios', 'SonyPictures', 'Marvel', 'RobertDowneyJr', 'chrishemsworth', 'ChrisEvans', 'JeremyRenner', 'MarkRuffalo', 'VancityReynolds', 'TaikaWaititi']",[],['https://video.twimg.com/tweet_video/FRH8iIVWUAUiwQ1.mp4'],https://twitter.com/GogaDorin97/status/1518272225966755842,
1518271283816980480,Its__Spiderman,Spider-Man #MakeTASM3,https://twitter.com/Its__Spiderman/photo,3,5,18,False,2022-04-24T16:50:56+00:00,"Remember it....
It was a big tease for
The Amazing Spider-Man 3 
#MakeTASM3 
@SonyPictures",['MakeTASM3'],['SonyPictures'],['https://pbs.twimg.com/media/FRH7r4BXoAA9EGk?format=jpg&name=small'],[],https://twitter.com/Its__Spiderman/status/1518271283816980480,
1518270122384711680,Its__Spiderman,Spider-Man #MakeTASM3,https://twitter.com/Its__Spiderman/photo,0,2,4,False,2022-04-24T16:46:19+00:00,"#MakeTASM3
@SonyPictures",['MakeTASM3'],['SonyPictures'],[],[],https://twitter.com/Its__Spiderman/status/1518270122384711680,
1518266749069795328,Geetar_Zan,Brad Druckenbrod Sr,https://twitter.com/Geetar_Zan/photo,0,0,0,False,2022-04-24T16:32:55+00:00,"@SonyPictures
 Stuart Iglegroomer?",[],['SonyPictures'],[],[],https://twitter.com/Geetar_Zan/status/1518266749069795328,
1518265257315217409,GBWorldHub,Ghostbusters World Hub,https://twitter.com/GBWorldHub/photo,0,0,3,False,2022-04-24T16:27:00+00:00,"The sounds of developers saying ""this is the best day of my life!!!""",[],[],[],[],https://twitter.com/GBWorldHub/status/1518265257315217409,
1518264461538172929,DailyMakeTASM3,MakeTASM3,https://twitter.com/DailyMakeTASM3/photo,0,2,11,False,2022-04-24T16:23:50+00:00,"Day 118 asking 
@SonyPictures
 to please make The Amazing Spiderman 3 #MakeTASM3 #TASM3 #Spidey","['MakeTASM3', 'TASM3', 'Spidey']",['SonyPictures'],['https://pbs.twimg.com/media/FRH1exsVsAALh5G?format=jpg&name=small'],[],https://twitter.com/DailyMakeTASM3/status/1518264461538172929,
1518262477275938816,Josemariaazule,Jos√© Mar√≠a Azule,https://twitter.com/Josemariaazule/photo,0,0,2,False,2022-04-24T16:15:57+00:00,Po raro es que no haya salido alguna pagina puerca de esas jajjajaj,[],[],[],[],https://twitter.com/Josemariaazule/status/1518262477275938816,
1518257003738640385,AustinT37333564,Austin-Tyler,https://twitter.com/AustinT37333564/photo,0,0,0,False,2022-04-24T15:54:12+00:00,Surprised this is even going to see 70 mil.,[],[],[],[],https://twitter.com/AustinT37333564/status/1518257003738640385,
1518255892164141056,viktoreekstrom,Viktor Ekstr√∂m,https://twitter.com/viktoreekstrom/photo,0,1,1,False,2022-04-24T15:49:47+00:00,"@SonyPictures
 @MarvelStudios
  #MakeRaimiSpiderMan4",['MakeRaimiSpiderMan4'],"['SonyPictures', 'MarvelStudios']",[],['https://video.twimg.com/tweet_video/FRHtrunX0AEN1dK.mp4'],https://twitter.com/viktoreekstrom/status/1518255892164141056,
1518255792151044096,viktoreekstrom,Viktor Ekstr√∂m,https://twitter.com/viktoreekstrom/photo,0,1,4,False,2022-04-24T15:49:23+00:00,"@SonyPictures
 @MarvelStudios
  #MakeRaimiSpiderMan4",['MakeRaimiSpiderMan4'],"['SonyPictures', 'MarvelStudios']","['https://pbs.twimg.com/media/FRHtl76XoAALGvd?format=jpg&name=small', 'https://pbs.twimg.com/media/FRHtl8VWQAIew4a?format=jpg&name=360x360']",[],https://twitter.com/viktoreekstrom/status/1518255792151044096,
1518255579432722437,viktoreekstrom,Viktor Ekstr√∂m,https://twitter.com/viktoreekstrom/photo,0,1,4,False,2022-04-24T15:48:32+00:00,"@SonyPictures
 @MarvelStudios
  #MakeRaimiSpiderMan4",['MakeRaimiSpiderMan4'],"['SonyPictures', 'MarvelStudios']","['https://pbs.twimg.com/media/FRHtZmjXwAAl5Ul?format=jpg&name=360x360', 'https://pbs.twimg.com/media/FRHtZmwX0AEsSOn?format=jpg&name=360x360', 'https://pbs.twimg.com/media/FRHtZnKXsAEBKTD?format=jpg&name=360x360']",[],https://twitter.com/viktoreekstrom/status/1518255579432722437,
1518255425329717250,viktoreekstrom,Viktor Ekstr√∂m,https://twitter.com/viktoreekstrom/photo,0,1,4,False,2022-04-24T15:47:55+00:00,"@SonyPictures
 @MarvelStudios
  #MakeRaimiSpiderMan4",['MakeRaimiSpiderMan4'],"['SonyPictures', 'MarvelStudios']",['https://pbs.twimg.com/media/FRHtQsIXIAEQlCc?format=jpg&name=small'],[],https://twitter.com/viktoreekstrom/status/1518255425329717250,
1518255284896083968,viktoreekstrom,Viktor Ekstr√∂m,https://twitter.com/viktoreekstrom/photo,0,1,4,False,2022-04-24T15:47:22+00:00,"@SonyPictures
 @MarvelStudios
  #MakeRaimiSpiderMan4",['MakeRaimiSpiderMan4'],"['SonyPictures', 'MarvelStudios']",['https://pbs.twimg.com/media/FRHtIlEWUAU5X3D?format=jpg&name=small'],[],https://twitter.com/viktoreekstrom/status/1518255284896083968,
1518254011778060294,fb_hesap,--#MakeTASM3,https://twitter.com/fb_hesap/photo,0,1,2,False,2022-04-24T15:42:18+00:00,#MakeTASM3,['MakeTASM3'],[],[],[],https://twitter.com/fb_hesap/status/1518254011778060294,
1518253786879324160,Its___Superman,Aakash,https://twitter.com/Its___Superman/photo,0,1,2,False,2022-04-24T15:41:25+00:00,#MakeTASM3,['MakeTASM3'],[],[],[],https://twitter.com/Its___Superman/status/1518253786879324160,
1518253676141465602,AlifKha78561594,#Maketasm3,https://twitter.com/AlifKha78561594/photo,0,1,2,False,2022-04-24T15:40:58+00:00,#MakeTASM3,['MakeTASM3'],[],[],[],https://twitter.com/AlifKha78561594/status/1518253676141465602,
1518253493114441728,Its__Spiderman,Spider-Man #MakeTASM3,https://twitter.com/Its__Spiderman/photo,3,8,13,False,2022-04-24T15:40:15+00:00,"Andrew Garfield's Spider-Man
G.O.A.T 
#MakeTASM3
@SonyPictures",['MakeTASM3'],['SonyPictures'],[],['https://video.twimg.com/tweet_video/FRHrR9LVkAA6jvk.mp4'],https://twitter.com/Its__Spiderman/status/1518253493114441728,
1518253463104335873,AlifKha78561594,#Maketasm3,https://twitter.com/AlifKha78561594/photo,0,1,2,True,2022-04-24T15:40:08+00:00,"This actually hurts #MakeTASM3 #SpiderManNoWayHome #spiderman #Marvel 
@SonyPictures","['MakeTASM3', 'SpiderManNoWayHome', 'spiderman', 'Marvel']",['SonyPictures'],[],['blob:https://twitter.com/14d69b68-efe7-4c3e-814d-628392543863'],https://twitter.com/AlifKha78561594/status/1518253463104335873,
1518253235445850113,AlifKha78561594,#Maketasm3,https://twitter.com/AlifKha78561594/photo,0,1,2,False,2022-04-24T15:39:13+00:00,"@SonyPictures
 #MakeTASM3",['MakeTASM3'],['SonyPictures'],[],[],https://twitter.com/AlifKha78561594/status/1518253235445850113,
1518252172173094913,35milimetros_es,35 Mil√≠metros Cine y TV,https://twitter.com/35milimetros_es/photo,0,1,3,False,2022-04-24T15:35:00+00:00,"Cr√≠tica de #Veneciafrenia (5,5/10) , por 
@pjimenomtnz
 

Lo mejor  Los cr√©ditos iniciales homenajeando al giallo y la interpretaci√≥n de Cosimo Fusco.

 
@sonypictures_es",['Veneciafrenia'],"['pjimenomtnz', 'sonypictures_es']",[],[],https://twitter.com/35milimetros_es/status/1518252172173094913,https://t.co/0cjEwlVhUr
1518251223706705921,josemiguelazule,Jose Miguel Azule,https://twitter.com/josemiguelazule/photo,1,0,1,False,2022-04-24T15:31:14+00:00,Ni en el pornhub hacen una familia as√≠,[],[],[],[],https://twitter.com/josemiguelazule/status/1518251223706705921,
1518251160297254915,Andrewentwiter,andrew #MakeTASM3,https://twitter.com/Andrewentwiter/photo,0,1,1,True,2022-04-24T15:30:59+00:00,"#MakeTASM3 
@SonyPictures",['MakeTASM3'],['SonyPictures'],[],[],https://twitter.com/Andrewentwiter/status/1518251160297254915,
1518251041367773184,Andrewentwiter,andrew #MakeTASM3,https://twitter.com/Andrewentwiter/photo,0,1,3,False,2022-04-24T15:30:30+00:00,"Of course my bro #MakeTASM3 
@SonyPictures
 @Sony
 #SpiderMan ","['MakeTASM3', 'SpiderMan']","['SonyPictures', 'Sony']",[],[],https://twitter.com/Andrewentwiter/status/1518251041367773184,
1518250700836200452,Its__Spiderman,Spider-Man #MakeTASM3,https://twitter.com/Its__Spiderman/photo,1,5,8,True,2022-04-24T15:29:09+00:00,"Soooo Spidey fan's let's do this again but this time let's do something bigger....
#MakeTASM3
@SonyPictures",['MakeTASM3'],['SonyPictures'],[],['https://video.twimg.com/tweet_video/FRHo9WrVIAYgrTs.mp4'],https://twitter.com/Its__Spiderman/status/1518250700836200452,
1518250446204272642,BORReport,BoxOfficeReport.com,https://twitter.com/BORReport/photo,1,6,28,False,2022-04-24T15:28:08+00:00,"Morbius grossed an estimated $2.25M this weekend (from 2,306 locations).  Estimated total gross stands at $69.18M.

#Morbius  #BoxOffice  
@SonyPictures
  @MorbiusMovie","['Morbius', 'BoxOffice']","['SonyPictures', 'MorbiusMovie']",[],[],https://twitter.com/BORReport/status/1518250446204272642,
1518250194101362690,BORReport,BoxOfficeReport.com,https://twitter.com/BORReport/photo,0,0,14,False,2022-04-24T15:27:08+00:00,"Father Stu grossed an estimated $3.33M this weekend (from 2,705 locations).  Estimated total gross stands at $13.87M.

#FatherStuMovie  #BoxOffice  
@SonyPictures
  @FatherStuMovie","['FatherStuMovie', 'BoxOffice']","['SonyPictures', 'FatherStuMovie']",[],[],https://twitter.com/BORReport/status/1518250194101362690,
1518249859710652420,pmtt69,Linda Watson,https://twitter.com/pmtt69/photo,0,0,1,False,2022-04-24T15:25:48+00:00,Huh??,[],[],[],[],https://twitter.com/pmtt69/status/1518249859710652420,
1518249387398475776,Padillazulez,Ô£ø Padiilla Ô£ø,https://twitter.com/Padillazulez/photo,0,0,0,False,2022-04-24T15:23:56+00:00,,[],[],[],[],https://twitter.com/Padillazulez/status/1518249387398475776,
1518249068081958913,andrearuizzmu,andreiyap,https://twitter.com/andrearuizzmu/photo,1,0,0,False,2022-04-24T15:22:40+00:00,incesto,[],[],[],[],https://twitter.com/andrearuizzmu/status/1518249068081958913,
1518248967913426945,Josemariaazule,Jos√© Mar√≠a Azule,https://twitter.com/Josemariaazule/photo,2,0,1,False,2022-04-24T15:22:16+00:00,"Mi Familia de Twitter:
Padres: 
@Padillazulez
 @sonypictures_es
C√≥nyuge: 
@BCT_veracruz
Ni√±os: 
@josemiguelazule
 @andrearuizzmu
via https://funaroundy.me/twitterfamily?gameId=65cbbd06d1‚Ä¶

‚†Ä",[],"['Padillazulez', 'sonypictures_es', 'BCT_veracruz', 'josemiguelazule', 'andrearuizzmu']",['https://pbs.twimg.com/media/FRHnY_fVkAAGC6T?format=png&name=small'],[],https://twitter.com/Josemariaazule/status/1518248967913426945,
1518248780994285570,KevinBauer0,Kevin Bauer,https://twitter.com/KevinBauer0/photo,0,0,0,False,2022-04-24T15:21:31+00:00,"Scrolling through twitter, saw plot leaks for Kraven and Madame Web. 
@SonyPictures
, why are you so bad at containing leaks? First No Way Home‚Äôs images, then the pre-vis Dr. Strange 2 spoilers, now this. You‚Äôve gotta figure this shit out.",[],['SonyPictures'],[],[],https://twitter.com/KevinBauer0/status/1518248780994285570,
1518245607340593153,Its__Spiderman,Spider-Man #MakeTASM3,https://twitter.com/Its__Spiderman/photo,0,5,13,False,2022-04-24T15:08:55+00:00,"Ohhh yesssss that's what i was thinking...
Let's do this....
#MakeTASM3 
@SonyPictures",['MakeTASM3'],['SonyPictures'],[],['https://video.twimg.com/tweet_video/FRHkU4YVkAYrcYL.mp4'],https://twitter.com/Its__Spiderman/status/1518245607340593153,
1518244726931136512,Vicent_Rosell,Vicent,https://twitter.com/Vicent_Rosell/photo,0,0,0,False,2022-04-24T15:05:25+00:00,"Buen√≠sima pel√≠cula... Mucha tensi√≥n, sangre y angustia",[],[],[],[],https://twitter.com/Vicent_Rosell/status/1518244726931136512,
1518241586320191490,ManvenderJora,Manvender Jora,https://twitter.com/ManvenderJora/photo,0,0,3,False,2022-04-24T14:52:56+00:00,"We should also do an event that will increase popularity of marc webb. 
I just don't want that sony gives tasm 3 to jon watts.",[],[],[],[],https://twitter.com/ManvenderJora/status/1518241586320191490,
1518240978783461380,Itssan17,ùóöùó≤ùóøùóÆùóπùòÅ ùóºùó≥ SnyderVerse,https://twitter.com/Itssan17/photo,1,1,10,False,2022-04-24T14:50:31+00:00,The goat Marc Webb ,[],[],[],[],https://twitter.com/Itssan17/status/1518240978783461380,
1518240839989923841,ManvenderJora,Manvender Jora,https://twitter.com/ManvenderJora/photo,1,0,7,False,2022-04-24T14:49:58+00:00,"Please 
@SonyPictures
 let the director be marc webb.
@Itssan17
 Which director should direct it according to you?",[],"['SonyPictures', 'Itssan17']",[],[],https://twitter.com/ManvenderJora/status/1518240839989923841,
1518239765962932228,HarveyNick,Nick Johnson - ‰∫å„ÇØ„Ç∏„Éß„É≥„ÇΩ„É≥,https://twitter.com/HarveyNick/photo,0,0,0,False,2022-04-24T14:45:42+00:00,"I‚Äôm probably not the first to say this, but: if Sam Raimi and 
@TobeyMaguire
 do go back to the 
@SonyPictures
 Spider-Man well, they should make a ‚ÄúMayday Parker: Spider-Girl‚Äù movie. The timing is almost perfect!",[],"['TobeyMaguire', 'SonyPictures']",[],[],https://twitter.com/HarveyNick/status/1518239765962932228,https://t.co/Y8u37hi4xD
1518238552974409729,XMenSaga,X-Men SAGA,https://twitter.com/XMenSaga/photo,0,0,0,False,2022-04-24T14:40:53+00:00,"I remember watching a trailer for her next movie (with Harry and Florence, right?) so thats the first one, and then she has another one, with Harry too, I think, and they were filming some months ago.",[],[],[],[],https://twitter.com/XMenSaga/status/1518238552974409729,
1518237499918856193,EstelaR3,Estela R,https://twitter.com/EstelaR3/photo,0,0,0,False,2022-04-24T14:36:42+00:00,Yo √∫ltimo que vi de √©l fue 30 monedas,[],[],[],[],https://twitter.com/EstelaR3/status/1518237499918856193,
1518232622865928192,Usaid51525898,usaid khan,https://twitter.com/Usaid51525898/photo,0,0,0,False,2022-04-24T14:17:19+00:00,"Dear 
@SonyTV
 @Sony
 @SonyPictures
 @SrBachchan
 ye log ese kabtak apke show k name se doosre logo k sath fraud krte rahinge ese kai msg mere paas bht martaba aachuke hen aap log in scamers k khilaf action kyn nhi lete hen number dtls nikalwaie or pakidie",[],"['SonyTV', 'Sony', 'SonyPictures', 'SrBachchan']","['https://pbs.twimg.com/media/FRHYgh5aIAA12rc?format=jpg&name=small', 'https://pbs.twimg.com/media/FRHYhMuaUAAMxRi?format=jpg&name=360x360']",[],https://twitter.com/Usaid51525898/status/1518232622865928192,
1518232235958222848,aaronsmith311,Aaron Smith,https://twitter.com/aaronsmith311/photo,1,0,0,False,2022-04-24T14:15:47+00:00,"@primevideouk
 @mgmstudios
 @SonyPictures
 @PrimeVideo
 Can you sort out the audio quality of Quantum Of Solace on Amazon please? It sounds like a low quality mp3 file. I had to dig out my old blueray disc for QOS and the quality is far superior.",[],"['primevideouk', 'mgmstudios', 'SonyPictures', 'PrimeVideo']",[],[],https://twitter.com/aaronsmith311/status/1518232235958222848,
1518231533852643328,oldaccount_ftf,e d g a r,https://twitter.com/oldaccount_ftf/photo,1,0,0,False,2022-04-24T14:12:59+00:00,"@CanadaNATO
 @CanadaFP
 @SonyPictures
 @WHO
 @NATO
 @NASA
 @NSVRC
 @WhiteHouse
 @NATO
 @WHO
 @20thcentury
 @McDonalds
 @alqaeda
 @CIA
 @FBI
 @CIA
 @Pixar
 @Wendys
 @NASCAR
 @sbdbh
 @YouTube
 @Google
 @WhiteHouse
 @NASA
 @G7
 @g20org
 @POTUS
 @francediplo_EN
 @SpainMFA
 @chinascio
 @g20org
 @Disney
 @NSVRC
 @WHO",[],"['CanadaNATO', 'CanadaFP', 'SonyPictures', 'WHO', 'NATO', 'NASA', 'NSVRC', 'WhiteHouse', 'NATO', 'WHO', '20thcentury', 'McDonalds', 'alqaeda', 'CIA', 'FBI', 'CIA', 'Pixar', 'Wendys', 'NASCAR', 'sbdbh', 'YouTube', 'Google', 'WhiteHouse', 'NASA', 'G7', 'g20org', 'POTUS', 'francediplo_EN', 'SpainMFA', 'chinascio', 'g20org', 'Disney', 'NSVRC', 'WHO']",[],[],https://twitter.com/oldaccount_ftf/status/1518231533852643328,
1518231223667245056,itseditha96,Editha,https://twitter.com/itseditha96/photo,0,0,0,True,2022-04-24T14:11:45+00:00,"@UniversalPics
, 
@ParamountPics
 @netflix
, 
@Lionsgate
, 
@SonyPictures
, 
@HOORAEMedia
. SOMEBODY PICK THIS UP PLEASE",[],"['UniversalPics', 'ParamountPics', 'netflix', 'Lionsgate', 'SonyPictures', 'HOORAEMedia']",[],[],https://twitter.com/itseditha96/status/1518231223667245056,
1518230568193998851,WilliamHGIV,William Gordon,https://twitter.com/WilliamHGIV/photo,0,0,0,False,2022-04-24T14:09:09+00:00,"Hey 
@SonyPictures
 mind doing me and a bunch of people a favor and give marvel 100% rights to all of Spider-Man . Venom/V2 and Morbius was Mid at best. #BringSpideyHome",['BringSpideyHome'],['SonyPictures'],[],[],https://twitter.com/WilliamHGIV/status/1518230568193998851,
1518228271305039873,juankarpenter51,juan carlos,https://twitter.com/juankarpenter51/photo,0,0,0,False,2022-04-24T14:00:01+00:00,¬°Hasta en Final!,[],[],['https://pbs.twimg.com/media/FRHUkJkWYAM1pOc?format=jpg&name=small'],[],https://twitter.com/juankarpenter51/status/1518228271305039873,
1518226374087094272,juankarpenter51,juan carlos,https://twitter.com/juankarpenter51/photo,0,0,1,False,2022-04-24T13:52:29+00:00,"¬°Acab√≥ de Disfrutarla!
Vengo del Cine, con Ganas de verla otra vez.
Es puro Disfrut√©, desde el principio hasta el Final.
¬°Gracias Alex!
Has cumplido, una de mis Pesadillas desde adolescente,
Ver una historia de Enmascados Venecianos Asesinos.
¬°Ir a Disfrutarla! 
¬°Pedazo Actores!",[],[],[],[],https://twitter.com/juankarpenter51/status/1518226374087094272,
1518224988846837760,TinglingSpidey,SpiderMenace #MakeTASM3 #MakeRaimiSpiderMan4,https://twitter.com/TinglingSpidey/photo,0,0,3,False,2022-04-24T13:46:59+00:00,"Maybe they just salty to both raimi and webb bcuz their creativity is very different from them lmao , but anyways , anything is possible #ReleaseTheRaimiCut #ReleaseTheWebbCut","['ReleaseTheRaimiCut', 'ReleaseTheWebbCut']",[],[],[],https://twitter.com/TinglingSpidey/status/1518224988846837760,
1518223626302017544,Momdaughterdeal,Mom Daughter Deals,https://twitter.com/Momdaughterdeal/photo,0,0,0,False,2022-04-24T13:41:34+00:00,Misspelled the last post lol but looking forward to this,[],[],[],[],https://twitter.com/Momdaughterdeal/status/1518223626302017544,
1518220145012916224,ChromezRespect,Chromez,https://twitter.com/ChromezRespect/photo,0,0,0,False,2022-04-24T13:27:44+00:00,"Sony movies that will be released in theaters in 2023
- Kraven The Hunter (January 13, 2023)
- Spider-Man: Across the Spider-Verse - Part One (June 2, 2023)
- Madame Web (July 7, 2023)
#SonyPictures #Sony #Marvel #MarvelStudios","['SonyPictures', 'Sony', 'Marvel', 'MarvelStudios']",[],['https://pbs.twimg.com/media/FQ36vTMVkAMm51v?format=jpg&name=small'],[],https://twitter.com/ChromezRespect/status/1518220145012916224,
1518218766278086656,Nando052705,Fernando Landeros,https://twitter.com/Nando052705/photo,1,0,0,False,2022-04-24T13:22:15+00:00,"Picked up 
@SpiderManMovie
 from 
@Target
 yesterday for the kids! But 
@MarvelStudios
 or 
@SonyPictures
 forgot something! So much for the digital option!!!",[],"['SpiderManMovie', 'Target', 'MarvelStudios', 'SonyPictures']",[],[],https://twitter.com/Nando052705/status/1518218766278086656,
1518218659130445825,SpiderWomanOFCL,Spider-Woman,https://twitter.com/SpiderWomanOFCL/photo,1,0,0,False,2022-04-24T13:21:50+00:00,I believe Dont Worry Darling is pretty much out of the way but I'm not sure what her other projects are.,[],[],[],[],https://twitter.com/SpiderWomanOFCL/status/1518218659130445825,
1518214762282176512,Keestin_Myo,McSpeedyCola,https://twitter.com/Keestin_Myo/photo,0,0,0,False,2022-04-24T13:06:21+00:00,"Seeing Tobey, Andrew and Tom on screen together tears of happiness  my childhood, teenage years and adulthood my childhood is complete thank you 
@SonyPictures
 and 
@MarvelStudios
 bringing back Tobey and Andrew one last time a goodbye so long ",[],"['SonyPictures', 'MarvelStudios']","['https://pbs.twimg.com/media/FRHIR5iVcAA43zo?format=jpg&name=360x360', 'https://pbs.twimg.com/media/FRHIR5fVIAI2bHe?format=jpg&name=360x360', 'https://pbs.twimg.com/media/FRHIR5fVcAEeGZa?format=jpg&name=360x360', 'https://pbs.twimg.com/media/FRHIR5fVIAAsbCN?format=jpg&name=360x360']",[],https://twitter.com/Keestin_Myo/status/1518214762282176512,
1518213334553841666,ind_animacion,Industria Animaci√≥n,https://twitter.com/ind_animacion/photo,0,0,0,False,2022-04-24T13:00:40+00:00,"A tan solo unas semanas del estreno de #SpiderMan: No Way Home, se han confirmado los planes de 
@MarvelStudios
 y 
@SonyPictures
 de realizar una segunda trilog√≠a del amigable hombre ara√±a, ent√©rate de los detalles.

https://industriaanimacion.com/2021/12/spiderman-segunda-trilogia-del-mcu-despues-de-no-way-home/‚Ä¶",['SpiderMan'],"['MarvelStudios', 'SonyPictures']","['https://pbs.twimg.com/media/FRHG931XoAMdetf?format=jpg&name=small', 'https://pbs.twimg.com/media/FRHG-T-XoAIuKaO?format=jpg&name=360x360', 'https://pbs.twimg.com/media/FRHG-w6WUAIMSqY?format=jpg&name=360x360']",[],https://twitter.com/ind_animacion/status/1518213334553841666,
1518212346790952962,Bucho5000,Duane,https://twitter.com/Bucho5000/photo,0,0,0,False,2022-04-24T12:56:45+00:00,"@netflix
 @SonyPictures
 @AppleTV
 so you really think his movies will flop or something. Y‚Äôall playing yourself for holding back on releasing the projects he‚Äôs in.",[],"['netflix', 'SonyPictures', 'AppleTV']",[],['https://video.twimg.com/tweet_video/FRHGFIhXoAEsNzT.mp4'],https://twitter.com/Bucho5000/status/1518212346790952962,
1518212211969302530,amd42d,AudreyTastic (Farrah),https://twitter.com/amd42d/photo,1,0,0,False,2022-04-24T12:56:13+00:00,"no words. Make it happen. #start #change #now #justiceforjohnnydepp #johnnydepp #istandwithjohnnydepp #justicereform 
@disney
 @warnerbrosentertainment 
@sonypictures
 @paramountpics
 @universalpictures @columbiapictures 
@lionsgate
 @dreamworks
 @theacademy
 @sagaftra","['start', 'change', 'now', 'justiceforjohnnydepp', 'johnnydepp', 'istandwithjohnnydepp', 'justicereform']","['disney', 'warnerbrosentertainment', 'sonypictures', 'paramountpics', 'universalpictures', 'columbiapictures', 'lionsgate', 'dreamworks', 'theacademy', 'sagaftra']",[],[],https://twitter.com/amd42d/status/1518212211969302530,
1518210365594681350,Sk3l3t0r3,Sk3l3t0r,https://twitter.com/Sk3l3t0r3/photo,0,0,0,False,2022-04-24T12:48:52+00:00,I lost my 10K sub channel and had to start again :(,[],[],[],[],https://twitter.com/Sk3l3t0r3/status/1518210365594681350,
1518209865243582467,cine_lucas1,Cin√©-Lucas,https://twitter.com/cine_lucas1/photo,0,1,1,False,2022-04-24T12:46:53+00:00,"Le calendrier du #CinemaCon a √©t√© d√©voil√© !

Lundi : #SonyPictures 25 Avril
Mardi : #NEON et #WB 26 Avril
Mercredi : #Disney, #Universal et #Focus 27 Avril
Jeudi : #Paramount et #Lionsgate 28 Avril","['CinemaCon', 'SonyPictures', 'NEON', 'WB', 'Disney', 'Universal', 'Focus', 'Paramount', 'Lionsgate']",[],[],[],https://twitter.com/cine_lucas1/status/1518209865243582467,
1518208724007067648,raimi_supporter,Raimi Supporter,https://twitter.com/raimi_supporter/photo,0,1,9,False,2022-04-24T12:42:21+00:00,"No matter how many fish in the sea, it'll be so empty without Tobey
#makeraimispiderman4 
@sonypictures",['makeraimispiderman4'],['sonypictures'],[],['blob:https://twitter.com/b52eeca2-d38e-4f9c-b4a6-05682941cba5'],https://twitter.com/raimi_supporter/status/1518208724007067648,
1518208635201069056,sportpunta,sportpunta,https://twitter.com/sportpunta/photo,0,0,0,False,2022-04-24T12:42:00+00:00," Veneciafrenia
 https://sportpunta.com/veneciafrenia
 #SportPunta #Veneciafrenia #Estrenos #Cartelera #Cine #Ocio #Cultura #TheFearCollection #Eliofilm 
 
@pokeepsie_films
 @sonypictures_es
 @AmazonStudios
 @TLM_tweet","['SportPunta', 'Veneciafrenia', 'Estrenos', 'Cartelera', 'Cine', 'Ocio', 'Cultura', 'TheFearCollection', 'Eliofilm']","['pokeepsie_films', 'sonypictures_es', 'AmazonStudios', 'TLM_tweet']",[],[],https://twitter.com/sportpunta/status/1518208635201069056,https://t.co/C9KNUqSY8d
1518207305065578496,CamaraOviedo,C√°mara de Comercio de Oviedo,https://twitter.com/CamaraOviedo/photo,0,0,0,False,2022-04-24T12:36:43+00:00,"@meteorbyte_stu
 empresa socia del #ClubCamaraOviedo es una compa√±√≠a desarrolladora de videojuegos que trabaja para grandes marcas como 
@NintendoES
 @sonypictures_es
 @MicrosoftES",['ClubCamaraOviedo'],"['meteorbyte_stu', 'NintendoES', 'sonypictures_es', 'MicrosoftES']",[],[],https://twitter.com/CamaraOviedo/status/1518207305065578496,https://t.co/kcwwwW9P0z
1518205555336257536,Ip2AlwaysWin,Ip2AlwaysWins.com,https://twitter.com/Ip2AlwaysWin/photo,0,0,1,False,2022-04-24T12:29:45+00:00,Real,[],[],[],[],https://twitter.com/Ip2AlwaysWin/status/1518205555336257536,
1518200273390477313,VGamesAndComics,‚äó,https://twitter.com/VGamesAndComics/photo,0,2,4,False,2022-04-24T12:08:46+00:00,Yeah! ,[],[],"['https://pbs.twimg.com/media/FRG6vSMXMAE2AMz?format=jpg&name=small', 'https://pbs.twimg.com/media/FRG7FRMWUAE8zCa?format=jpg&name=small']",[],https://twitter.com/VGamesAndComics/status/1518200273390477313,
1518198187739463680,bannu_here,Bharadwaj,https://twitter.com/bannu_here/photo,0,1,1,False,2022-04-24T12:00:29+00:00,"@SonyPictures
 #MakeTASM3",['MakeTASM3'],['SonyPictures'],[],[],https://twitter.com/bannu_here/status/1518198187739463680,
1518194338961973248,XMenSaga,X-Men SAGA,https://twitter.com/XMenSaga/photo,1,0,0,False,2022-04-24T11:45:11+00:00,Do you know if Olivia Wilde has already finished her two movies that were in pro/preproduction?,[],[],[],[],https://twitter.com/XMenSaga/status/1518194338961973248,
1518193329934147584,sammysheep12,Kevin Richards,https://twitter.com/sammysheep12/photo,0,1,1,False,2022-04-24T11:41:11+00:00,"Just curious, 
@chrizmillr
 and #PhilLord, when do you guys think 
@SonyPictures
 will greenlight a third Cloudy with a Chance of Meatballs movie?  The fans and I cannot wait to return to Swallow Falls. #BillHader 
@AnnaFaris
 @ActuallyNPH
 @imageworksvfx
 @SonyAnimation
 @Sony","['PhilLord', 'BillHader']","['chrizmillr', 'SonyPictures', 'AnnaFaris', 'ActuallyNPH', 'imageworksvfx', 'SonyAnimation', 'Sony']",[],[],https://twitter.com/sammysheep12/status/1518193329934147584,
1518192576263856128,oculusfiles,The Oculus Files - Oligarch Hunter,https://twitter.com/oculusfiles/photo,0,0,2,False,2022-04-24T11:38:11+00:00,"@_Oliver_Bell_
 @ParamountPics
 @SonyPictures
 @netflix",[],"['_Oliver_Bell_', 'ParamountPics', 'SonyPictures', 'netflix']",[],[],https://twitter.com/oculusfiles/status/1518192576263856128,
1518190586821447680,ZEE5India,ZEE5,https://twitter.com/ZEE5India/photo,0,0,6,False,2022-04-24T11:30:17+00:00,"@SonyPictures
 @TomHolland1996
 @Zendaya
 @SpiderMan",[],"['SonyPictures', 'TomHolland1996', 'Zendaya', 'SpiderMan']",[],[],https://twitter.com/ZEE5India/status/1518190586821447680,
1518186835838709761,SpiderWomanFans,Spider-Woman Fans,https://twitter.com/SpiderWomanFans/photo,1,1,3,False,2022-04-24T11:15:22+00:00,"We want those crumbs 
Bagel crumbs... Jessica Drew crumbs!",[],[],['https://pbs.twimg.com/media/FRGu4b0X0AEk0Uy?format=jpg&name=small'],[],https://twitter.com/SpiderWomanFans/status/1518186835838709761,
1518186144588255233,mrbucketlistnft,Ashwin C Ashok (mrbucketlist.eth),https://twitter.com/mrbucketlistnft/photo,0,0,0,False,2022-04-24T11:12:38+00:00,"Who do you think will acquire web3cinemas.eth for the metaverse? One among them or completely a new player? 

https://looksrare.org/collections/0x57f1887a8BF19b14fC0dF6Fd9B2acc9Af147eA85/58636006661119731574711546094524736272054036378889401820479065095918314245718‚Ä¶
@SonyPictures
 @UniversalPics
 @DisneyStudios
 @20thcentury
 @ParamountPics
 @Lionsgate
 @RelianceEnt
 @TSeries
 @LycaProductions
 @hombalefilms",[],"['SonyPictures', 'UniversalPics', 'DisneyStudios', '20thcentury', 'ParamountPics', 'Lionsgate', 'RelianceEnt', 'TSeries', 'LycaProductions', 'hombalefilms']",[],[],https://twitter.com/mrbucketlistnft/status/1518186144588255233,https://t.co/PjLcYgeUtv
1518185599198445570,Matt_SmithNews,MATT SMITH NEWS PAGE,https://twitter.com/Matt_SmithNews/photo,7,12,99,False,2022-04-24T11:10:28+00:00,"Matt Smith as ‚ÄòMilo‚Äô getting a huge cheer and round of applause from the audience in his now legendary dance scene from ‚ÄòMorbius‚Äô
#Mattsmith #Morbius #Marvel #SonyPictures","['Mattsmith', 'Morbius', 'Marvel', 'SonyPictures']",[],[],['blob:https://twitter.com/07d87bb6-a023-48f5-bd69-05f9867a3c76'],https://twitter.com/Matt_SmithNews/status/1518185599198445570,
1518182988906999808,TheDanRichards2,The Dan Richardson Show,https://twitter.com/TheDanRichards2/photo,0,0,0,False,2022-04-24T11:00:05+00:00,"I don‚Äôt like how 
@SonyPictures
 is showing Toby and Andrew in #SpiderManNoWayHome tv promos.",['SpiderManNoWayHome'],['SonyPictures'],[],[],https://twitter.com/TheDanRichards2/status/1518182988906999808,
1518180989054242816,aresdvd,Ares DVD,https://twitter.com/aresdvd/photo,0,0,0,True,2022-04-24T10:52:08+00:00,"This is the best project in the world. prosperity and great success in his work. 
@aplusk
 @CaliforniaFilme
 @SonyPictures",[],"['aplusk', 'CaliforniaFilme', 'SonyPictures']",[],[],https://twitter.com/aresdvd/status/1518180989054242816,
1518180777875320833,ismailfatru,Shaikh Ismail Fatru,https://twitter.com/ismailfatru/photo,0,0,0,False,2022-04-24T10:51:18+00:00,"Hello 
@SonyTV
 @SonyPictures",[],"['SonyTV', 'SonyPictures']",[],[],https://twitter.com/ismailfatru/status/1518180777875320833,
1518180674770931716,aresdvd,Ares DVD,https://twitter.com/aresdvd/photo,0,0,0,False,2022-04-24T10:50:53+00:00,"This is the best project in the world. prosperity and great success in his work. 
@aplusk
 @CaliforniaFilme
 @SonyPictures",[],"['aplusk', 'CaliforniaFilme', 'SonyPictures']",[],[],https://twitter.com/aresdvd/status/1518180674770931716,
1518180445216776192,DrPhDPatStar,,https://twitter.com/DrPhDPatStar/photo,0,0,2,False,2022-04-24T10:49:59+00:00,"Andrew Garfield saying he‚Äôd come back as spidey if there was a good story/plan and 
@SonyPictures
 saying they approached him to be spidey in the Sony universe and he declined tells you everything you need to know about these jokes of movies.",[],['SonyPictures'],[],[],https://twitter.com/DrPhDPatStar/status/1518180445216776192,
1518180237644689408,ismailfatru,Shaikh Ismail Fatru,https://twitter.com/ismailfatru/photo,0,0,0,False,2022-04-24T10:49:09+00:00,"He was hosting a show on 
@SonyTV
 
@SonyPictures
 shame",[],"['SonyTV', 'SonyPictures']",[],[],https://twitter.com/ismailfatru/status/1518180237644689408,
1518178628386779138,aresdvd,Ares DVD,https://twitter.com/aresdvd/photo,0,0,0,True,2022-04-24T10:42:46+00:00,"i think it is really convenient and felt it's very fast.  
@Jon_Favreau
 @SonyPictures
 @aplusk",[],"['Jon_Favreau', 'SonyPictures', 'aplusk']",[],['blob:https://twitter.com/a60f5ba5-78f9-49bb-9bfd-58eb229f5526'],https://twitter.com/aresdvd/status/1518178628386779138,
1518178358097367040,aresdvd,Ares DVD,https://twitter.com/aresdvd/photo,0,0,0,False,2022-04-24T10:41:41+00:00,"i think it is really convenient and felt it's very fast.  
@Jon_Favreau
 @SonyPictures
 @aplusk",[],"['Jon_Favreau', 'SonyPictures', 'aplusk']",[],[],https://twitter.com/aresdvd/status/1518178358097367040,
1518176198165241856,speedy_watson,Jacob Speedy Watson,https://twitter.com/speedy_watson/photo,0,0,1,False,2022-04-24T10:33:06+00:00,"@Sony
 @SonyPictures
 @INTA
 @CopyrightOffice
 @TheCSUSA
 @SonySupportUSA
 @uspto",[],"['Sony', 'SonyPictures', 'INTA', 'CopyrightOffice', 'TheCSUSA', 'SonySupportUSA', 'uspto']",[],[],https://twitter.com/speedy_watson/status/1518176198165241856,
1518172014237741057,aresdvd,Ares DVD,https://twitter.com/aresdvd/photo,0,0,0,True,2022-04-24T10:16:29+00:00,"Amazing Project I have not seen before such a project you are doing a wonderful job Amazing project  Awesome project with great potential. 
@CaliforniaFilme
 @SonyPictures
 @ishmohit1",[],"['CaliforniaFilme', 'SonyPictures', 'ishmohit1']",['https://pbs.twimg.com/media/FRDsFkJaMAAKFMS?format=jpg&name=900x900'],[],https://twitter.com/aresdvd/status/1518172014237741057,
1518171642601431040,aresdvd,Ares DVD,https://twitter.com/aresdvd/photo,0,0,0,False,2022-04-24T10:15:00+00:00,"Amazing Project I have not seen before such a project you are doing a wonderful job Amazing project  Awesome project with great potential. 
@CaliforniaFilme
 @SonyPictures
 @ishmohit1",[],"['CaliforniaFilme', 'SonyPictures', 'ishmohit1']",[],[],https://twitter.com/aresdvd/status/1518171642601431040,
1518168454582390784,fantasticamen,Fant√°sticamente,https://twitter.com/fantasticamen/photo,0,8,23,False,2022-04-24T10:02:20+00:00,"Nuestra recomendaci√≥n del fin de semana no puede ser otra que #Veneciafrenia de nuestro amado 
@alexdelaIglesia
 y de estreno este fin de semana. No os la perd√°is!!
@sonypictures_es
 #cine #cineterror #alexdelaiglesia #Terror #slasher","['Veneciafrenia', 'cine', 'cineterror', 'alexdelaiglesia', 'Terror', 'slasher']","['alexdelaIglesia', 'sonypictures_es']",['https://pbs.twimg.com/media/FRGeKfjXEAMLhr1?format=jpg&name=small'],[],https://twitter.com/fantasticamen/status/1518168454582390784,
1518163545090756609,PrinceS88720406,Prince Saini,https://twitter.com/PrinceS88720406/photo,1,0,0,False,2022-04-24T09:42:49+00:00,"@ZEE5India
 spider man no way home not playing but zee5 collecting money for playing this movie. 
@DDNational
 @SonyPictures
 @STAR
 @indiatvnewsfc",[],"['ZEE5India', 'DDNational', 'SonyPictures', 'STAR', 'indiatvnewsfc']",[],[],https://twitter.com/PrinceS88720406/status/1518163545090756609,
1518163366098792448,maketasm3bot,Make TASM3 Bot,https://twitter.com/maketasm3bot/photo,0,1,2,False,2022-04-24T09:42:07+00:00,"@sony
 @marvel
 @marvelstudios
 @sonypictures
 #maketasm3",['maketasm3'],"['sony', 'marvel', 'marvelstudios', 'sonypictures']",[],[],https://twitter.com/maketasm3bot/status/1518163366098792448,
1518157778149588993,piyunjoy1,piyunjoy,https://twitter.com/piyunjoy1/photo,2,1,0,False,2022-04-24T09:19:54+00:00,"@ZEE5India
,
@SonyPictures
 yesterday I ordered/rented Spiderman no way home, and paid the amount, but due to too glitchy app and 3rd grade customer service(!!!) I am still not able to watch the movie.

zee5India is a chor company.
Don't rent from them. They have not refunded me.",[],"['ZEE5India', 'SonyPictures']",[],[],https://twitter.com/piyunjoy1/status/1518157778149588993,
1518155788455342080,aresdvd,Ares DVD,https://twitter.com/aresdvd/photo,0,0,0,False,2022-04-24T09:12:00+00:00,"I have not seen before such a project you are doing a wonderful job Best project.  
@SonyPictures
 @Babygravy9
 @satishacharya",[],"['SonyPictures', 'Babygravy9', 'satishacharya']",[],[],https://twitter.com/aresdvd/status/1518155788455342080,
1518152158419775488,HarshitSriHS,Harshit Srivastava,https://twitter.com/HarshitSriHS/photo,1,6,29,False,2022-04-24T08:57:35+00:00,"Splendid acting by Indian Actress Nitu Chandra Srivastava 
@nituchandra
 in Hollywood Movie 
 #NeverBackDownRevolt
@SonyPictures
Streaming now on: 
Bookmyshow , iTunes , Apple TV 
Google play , Netflix , Amazon Prime",['NeverBackDownRevolt'],"['nituchandra', 'SonyPictures']",['https://pbs.twimg.com/media/FRGPVpEaUAIzeUJ?format=jpg&name=small'],[],https://twitter.com/HarshitSriHS/status/1518152158419775488,
1518149867310309376,Conner_Lomby,Conner,https://twitter.com/Conner_Lomby/photo,0,0,1,False,2022-04-24T08:48:28+00:00,:333,[],[],[],[],https://twitter.com/Conner_Lomby/status/1518149867310309376,
1518149133063831552,CorinneIRL,Corinne IRL,https://twitter.com/CorinneIRL/photo,1,2,3,False,2022-04-24T08:45:33+00:00,"Finally We All Realize that IP2 Saves Us & Gives Us Freedom of Expression!!!IP2 Saved Andy Dick https://youtu.be/fEodQmSX2-s via 
@YouTube
 @andydick
 @netflix
 @SonyPictures
 @JimIrsay
 @hulu
 @AppleTV
 @BravoTV
 @LeftRightTV
 @RealityTVAwards",[],"['YouTube', 'andydick', 'netflix', 'SonyPictures', 'JimIrsay', 'hulu', 'AppleTV', 'BravoTV', 'LeftRightTV', 'RealityTVAwards']",[],[],https://twitter.com/CorinneIRL/status/1518149133063831552,https://t.co/2D6DBuKfwa
1518139193754542081,Its__Spiderman,Spider-Man #MakeTASM3,https://twitter.com/Its__Spiderman/photo,0,1,2,False,2022-04-24T08:06:04+00:00,"It is all set in the TASM universe but sony official didn't announce it so i can understand....
#MakeTASM3
@SonyPictures",['MakeTASM3'],['SonyPictures'],[],[],https://twitter.com/Its__Spiderman/status/1518139193754542081,
1518138208638447619,canallita_11,canallita,https://twitter.com/canallita_11/photo,0,0,0,False,2022-04-24T08:02:09+00:00,"A mi la pel√≠cula de moonlight siempre que la veo solo la veo en negro, alguien me puede decir porque?",[],[],[],[],https://twitter.com/canallita_11/status/1518138208638447619,
1518132701303238656,okuoku_cf,„Åä„Åè„Åä„Åè(Ôº£Ôº¶Ë¶ãÁøí„ÅÑ‰∏≠),https://twitter.com/okuoku_cf/photo,0,1,6,True,2022-04-24T07:40:16+00:00,"„Å§„ÄÅ„Å§„ÅÑ„Å´Êµ∑Â§ñ„Çí„ÇÇË¶ñÈáé„Å´
Would you like to join  Chikuwa's familyÔºü
@oisland_rino25
 „ÄÄ#RinoOshima„ÄÄ#SpiderManNoWayHome „ÄÄ#MarvelsAvengers 
#DoctorStrange „ÄÄ#Sonypictures„ÄÄ#YouTube","['RinoOshima', 'SpiderManNoWayHome', 'MarvelsAvengers', 'DoctorStrange', 'Sonypictures', 'YouTube']",['oisland_rino25'],"['https://pbs.twimg.com/media/FRF8ZiJVUAIXvAj?format=png&name=small', 'https://pbs.twimg.com/media/FRFbXMxaIAAlM0V?format=jpg&name=240x240']",[],https://twitter.com/okuoku_cf/status/1518132701303238656,
1518128711337488384,Mformsd,Joeygotjokes,https://twitter.com/Mformsd/photo,0,0,0,False,2022-04-24T07:24:24+00:00,"Just got through watching the Uncharted movie, & being a fan of the games, I was really entertained.  Can't wait for the next one. https://youtu.be/4wCH1K-ckZw  
@SonyPictures
 @NautyDog",[],"['SonyPictures', 'NautyDog']",[],[],https://twitter.com/Mformsd/status/1518128711337488384,https://t.co/y5YDhHUAL0
1518126341555728387,REALTheIanMoore,The Ian Moore,https://twitter.com/REALTheIanMoore/photo,0,0,0,False,2022-04-24T07:14:59+00:00,"Boy 
@SonyPictures
 

You guys are fucking killing me",[],['SonyPictures'],[],[],https://twitter.com/REALTheIanMoore/status/1518126341555728387,
1518123085907513344,AsquerosoFrank,Frank Asqueroso,https://twitter.com/AsquerosoFrank/photo,0,0,0,False,2022-04-24T07:02:03+00:00,"@SonyPictures
 we still need another Spiderman with 
@TomHolland1996
 & 
@Zendaya
 in it

Tom & Zendaya together makes the world more BEAUTIFUL because LOVE has no color

Zendaya you kill it in 
@euphoriaHBO
 & so does the rest of the cast

Happy 4 
@Chloecherryxxx
 too",[],"['SonyPictures', 'TomHolland1996', 'Zendaya', 'euphoriaHBO', 'Chloecherryxxx']",[],[],https://twitter.com/AsquerosoFrank/status/1518123085907513344,
1518122996027871232,beat4people,beat4people,https://twitter.com/beat4people/photo,0,1,1,False,2022-04-24T07:01:42+00:00,".
@EduVicu
 nos deja su cr√≠tica (sin spoilers) de #Veneciafrenia, la esperada pel√≠cula dirigida por 
@alexdelaIglesia
 que llega hoy a nuestras salas de cine gracias a 
@sonypictures_es
.",['Veneciafrenia'],"['EduVicu', 'alexdelaIglesia', 'sonypictures_es']",[],[],https://twitter.com/beat4people/status/1518122996027871232,https://t.co/xAtG49BtzC
1518121441937526785,viktoreekstrom,Viktor Ekstr√∂m,https://twitter.com/viktoreekstrom/photo,0,1,2,False,2022-04-24T06:55:31+00:00,"We want more Tobey Maguire. 
@SonyPictures
 @MarvelStudios
 

#MakeRaimiSpiderMan4",['MakeRaimiSpiderMan4'],"['SonyPictures', 'MarvelStudios']",['https://pbs.twimg.com/media/FRFzZ4qWQAAUW13?format=jpg&name=small'],[],https://twitter.com/viktoreekstrom/status/1518121441937526785,
1518121346584268800,viktoreekstrom,Viktor Ekstr√∂m,https://twitter.com/viktoreekstrom/photo,0,1,2,False,2022-04-24T06:55:09+00:00,"We want more Tobey Maguire. 
@SonyPictures
 @MarvelStudios
 

#MakeRaimiSpiderMan4",['MakeRaimiSpiderMan4'],"['SonyPictures', 'MarvelStudios']",['https://pbs.twimg.com/media/FRFzUU8X0AAX8Ox?format=jpg&name=small'],[],https://twitter.com/viktoreekstrom/status/1518121346584268800,
1518121067855896576,viktoreekstrom,Viktor Ekstr√∂m,https://twitter.com/viktoreekstrom/photo,0,1,2,False,2022-04-24T06:54:02+00:00,"We want more Tobey Maguire. 
@SonyPictures
 @MarvelStudios
 

#MakeRaimiSpiderMan4",['MakeRaimiSpiderMan4'],"['SonyPictures', 'MarvelStudios']",['https://pbs.twimg.com/media/FRFzD8yXEAM1Qm6?format=jpg&name=small'],[],https://twitter.com/viktoreekstrom/status/1518121067855896576,
1518120942014287872,viktoreekstrom,Viktor Ekstr√∂m,https://twitter.com/viktoreekstrom/photo,0,1,2,False,2022-04-24T06:53:32+00:00,"We want more Tobey Maguire. 
@SonyPictures
 @MarvelStudios
 

#MakeRaimiSpiderMan4",['MakeRaimiSpiderMan4'],"['SonyPictures', 'MarvelStudios']",['https://pbs.twimg.com/media/FRFy80CXsAAQOsN?format=jpg&name=small'],[],https://twitter.com/viktoreekstrom/status/1518120942014287872,
1518120856538517504,viktoreekstrom,Viktor Ekstr√∂m,https://twitter.com/viktoreekstrom/photo,0,1,2,False,2022-04-24T06:53:12+00:00,"We want more Tobey Maguire. 
@SonyPictures
 @MarvelStudios
 

#MakeRaimiSpiderMan4",['MakeRaimiSpiderMan4'],"['SonyPictures', 'MarvelStudios']",['https://pbs.twimg.com/media/FRFy3yOWYAA4dzU?format=jpg&name=small'],[],https://twitter.com/viktoreekstrom/status/1518120856538517504,
1518120740985393153,viktoreekstrom,Viktor Ekstr√∂m,https://twitter.com/viktoreekstrom/photo,0,1,2,False,2022-04-24T06:52:44+00:00,"We want more Tobey Maguire. 
@SonyPictures
 @MarvelStudios
 

#MakeRaimiSpiderMan4",['MakeRaimiSpiderMan4'],"['SonyPictures', 'MarvelStudios']",['https://pbs.twimg.com/media/FRFyxA8XoAEpNdT?format=jpg&name=small'],[],https://twitter.com/viktoreekstrom/status/1518120740985393153,
1518120605983326208,viktoreekstrom,Viktor Ekstr√∂m,https://twitter.com/viktoreekstrom/photo,0,1,2,False,2022-04-24T06:52:12+00:00,"We want more Tobey Maguire. 
@SonyPictures
 @MarvelStudios
 

#MakeRaimiSpiderMan4",['MakeRaimiSpiderMan4'],"['SonyPictures', 'MarvelStudios']",['https://pbs.twimg.com/media/FRFypQIXEAQZ5QT?format=jpg&name=small'],[],https://twitter.com/viktoreekstrom/status/1518120605983326208,
1518120491873181698,viktoreekstrom,Viktor Ekstr√∂m,https://twitter.com/viktoreekstrom/photo,0,1,2,False,2022-04-24T06:51:45+00:00,"We want more Tobey Maguire. 
@SonyPictures
 @MarvelStudios
 

#MakeRaimiSpiderMan4",['MakeRaimiSpiderMan4'],"['SonyPictures', 'MarvelStudios']",['https://pbs.twimg.com/media/FRFyimGWQAAgsDc?format=jpg&name=small'],[],https://twitter.com/viktoreekstrom/status/1518120491873181698,
1518120335551471617,viktoreekstrom,Viktor Ekstr√∂m,https://twitter.com/viktoreekstrom/photo,0,1,1,False,2022-04-24T06:51:07+00:00,"We want more Tobey Maguire. 
@SonyPictures
 @MarvelStudios
 

#MakeRaimiSpiderMan4",['MakeRaimiSpiderMan4'],"['SonyPictures', 'MarvelStudios']",['https://pbs.twimg.com/media/FRFyZasXoAAOgK5?format=jpg&name=small'],[],https://twitter.com/viktoreekstrom/status/1518120335551471617,
1518120222150045702,viktoreekstrom,Viktor Ekstr√∂m,https://twitter.com/viktoreekstrom/photo,0,1,1,False,2022-04-24T06:50:40+00:00,"We want more Tobey Maguire. 
@SonyPictures
 @MarvelStudios
 

#MakeRaimiSpiderMan4",['MakeRaimiSpiderMan4'],"['SonyPictures', 'MarvelStudios']",['https://pbs.twimg.com/media/FRFyS0TXEAIKPSK?format=jpg&name=small'],[],https://twitter.com/viktoreekstrom/status/1518120222150045702,
1518120092059455488,viktoreekstrom,Viktor Ekstr√∂m,https://twitter.com/viktoreekstrom/photo,0,1,1,False,2022-04-24T06:50:09+00:00,"We want more Tobey Maguire. 
@SonyPictures
 @MarvelStudios
 

#MakeRaimiSpiderMan4",['MakeRaimiSpiderMan4'],"['SonyPictures', 'MarvelStudios']",['https://pbs.twimg.com/media/FRFyLO5XIAEPxO4?format=jpg&name=small'],[],https://twitter.com/viktoreekstrom/status/1518120092059455488,
1518116554013306880,AniketS25631930,Aniket Srivastava,https://twitter.com/AniketS25631930/photo,1,7,20,False,2022-04-24T06:36:06+00:00,"‡§Æ‡§ú‡§æ ‡§Ü ‡§ó‡§Ø‡§æ ‡§®‡•Ä‡§§‡•Ç ‡§ö‡§®‡•ç‡§¶‡•ç‡§∞ ‡§∂‡•ç‡§∞‡•Ä‡§µ‡§æ‡§∏‡•ç‡§§‡§µ ‡§Æ‡•à‡§Æ ‡•§
‡§∂‡§æ‡§®‡§¶‡§æ‡§∞ ‡§Ö‡§≠‡§ø‡§®‡§Ø 
‡§¶‡§Æ‡§¶‡§æ‡§∞ ‡§è‡§ï‡•ç‡§∂‡§® 
‡§Ö‡§¶‡•ç‡§≠‡•Å‡§§ ‡§µ‡•ç‡§Ø‡§ï‡•ç‡§§‡§ø‡§µ 
@nituchandra
 .
 #NeverBackDownRevolt
@SonyPictures
Streaming now on: 
Bookmyshow , iTunes , Apple TV 
Google play , Netflix , Amazon Prime 
#NituChandraSrivastava #kayastha #Hollywood #Indian","['NeverBackDownRevolt', 'NituChandraSrivastava', 'kayastha', 'Hollywood', 'Indian']","['nituchandra', 'SonyPictures']",[],['blob:https://twitter.com/279e5bfd-d0d0-407b-8682-e63962506d23'],https://twitter.com/AniketS25631930/status/1518116554013306880,
1518113451507429376,Citizen__B,Citizen B,https://twitter.com/Citizen__B/photo,1,0,0,False,2022-04-24T06:23:46+00:00,"Dear 
@SonyPictures
 & 
@NetflixFilm
 
I just watched your latest attempt at making a video game adaptation, ""Uncharted"".
Please don't ever let 
@rafejudkins
, #JonHanleyRosenberg, or #MarkDWalker ever write  another screenplay.
Please stop #ReubenFleischer from ever directing also.","['JonHanleyRosenberg', 'MarkDWalker', 'ReubenFleischer']","['SonyPictures', 'NetflixFilm', 'rafejudkins']",[],[],https://twitter.com/Citizen__B/status/1518113451507429376,
1518112979178323969,whoisaarav,ùóî ùóî ùó• ùóî ùó©,https://twitter.com/whoisaarav/photo,0,0,1,False,2022-04-24T06:21:54+00:00,"@SonyPictures
 kab tak akele Venom ke dam pe apna Universe chalaoge?? 
@comicverseyt
 @pjexplained
 @badal_bnftv
 @iamDesiNerd
 @supersuperYT
 @akaspiderteen
#Sony #VENOM #MakeTASM3","['Sony', 'VENOM', 'MakeTASM3']","['SonyPictures', 'comicverseyt', 'pjexplained', 'badal_bnftv', 'iamDesiNerd', 'supersuperYT', 'akaspiderteen']",[],[],https://twitter.com/whoisaarav/status/1518112979178323969,
1518110815123132416,FanTobeymaguire,tobey fan,https://twitter.com/FanTobeymaguire/photo,0,1,1,False,2022-04-24T06:13:18+00:00,#MakeRaimiSpiderman4,['MakeRaimiSpiderman4'],[],[],[],https://twitter.com/FanTobeymaguire/status/1518110815123132416,
1518109505304678400,Birdsquawks_,EJ :) // #MakeRaimiSpiderman4 & TASM3,https://twitter.com/Birdsquawks_/photo,0,0,1,True,2022-04-24T06:08:05+00:00,"@SonyPictures
 @SpiderManMovie",[],"['SonyPictures', 'SpiderManMovie']",['https://pbs.twimg.com/media/FRFojHpVEAEZvJK?format=jpg&name=small'],[],https://twitter.com/Birdsquawks_/status/1518109505304678400,
1518108228575449088,PdiGustavo,Gustavo PDI,https://twitter.com/PdiGustavo/photo,1,0,1,False,2022-04-24T06:03:01+00:00,Ese papel est√° hecho para ti,[],[],[],[],https://twitter.com/PdiGustavo/status/1518108228575449088,
1518104242833162241,keys9211,Chowkidar Keyur Thadeshwar,https://twitter.com/keys9211/photo,0,0,0,False,2022-04-24T05:47:11+00:00,Hindi language available?,[],[],[],[],https://twitter.com/keys9211/status/1518104242833162241,
1518099153791954944,j_Mesiasmg,Amaru,https://twitter.com/j_Mesiasmg/photo,0,1,5,False,2022-04-24T05:26:57+00:00,#ReleaseTheSandlerCut,['ReleaseTheSandlerCut'],[],[],[],https://twitter.com/j_Mesiasmg/status/1518099153791954944,
1518096549351460864,zerepwrestling,Luis Perez,https://twitter.com/zerepwrestling/photo,0,0,2,False,2022-04-24T05:16:36+00:00,"Hey 
@SonyPictures
, I want back the two hours I've spent watching Uncharted. Thank you.",[],['SonyPictures'],[],[],https://twitter.com/zerepwrestling/status/1518096549351460864,
1518094986033647616,VGamesAndComics,‚äó,https://twitter.com/VGamesAndComics/photo,2,1,3,False,2022-04-24T05:10:24+00:00,I'm curious what the holdup is myself. Marvel and Sony both have a multiverse partnership going now. I'm guessing their gonna wait till the High Evolutionary appears in films. They could've at least showed Jess eating a bagel or soft pretzel at a street cart in New York.,[],[],[],[],https://twitter.com/VGamesAndComics/status/1518094986033647616,
1518091013658595328,takayasugirl69,malia stoner,https://twitter.com/takayasugirl69/photo,0,0,0,False,2022-04-24T04:54:37+00:00,I liked.  It had some issues.,[],[],[],[],https://twitter.com/takayasugirl69/status/1518091013658595328,
1518088388565508096,JRD1775,JRD2,https://twitter.com/JRD1775/photo,0,0,0,False,2022-04-24T04:44:11+00:00,"@gld3719
 if these rumors are true, I‚Äôm definitely done watching their films and I hope 
@SonyPictures
 loses their rights to Spider-Man et al. Sony is only looking for money not telling great stories.",[],"['gld3719', 'SonyPictures']",[],[],https://twitter.com/JRD1775/status/1518088388565508096,
1518083345271476225,8_rezin,Rezin 8,https://twitter.com/8_rezin/photo,0,0,0,False,2022-04-24T04:24:08+00:00,"@SonyPictures
  may want to tell Will to ""chill""",[],['SonyPictures'],[],[],https://twitter.com/8_rezin/status/1518083345271476225,
1518082777404428289,Crossdive1,Off The Cut,https://twitter.com/Crossdive1/photo,1,0,4,True,2022-04-24T04:21:53+00:00,"@SonyPictures
 PLEEEEEEASE!!!!!!

#MakeTASM3 w/ #AndrewGarfield","['MakeTASM3', 'AndrewGarfield']",['SonyPictures'],"['https://pbs.twimg.com/media/FRD4It7XMAA4xmy?format=jpg&name=360x360', 'https://pbs.twimg.com/media/FRD4IuZXIAYJJk9?format=jpg&name=360x360', 'https://pbs.twimg.com/media/FRD4IvsXoAYga47?format=jpg&name=360x360', 'https://pbs.twimg.com/media/FRD4IujWYAAYWoy?format=jpg&name=360x360']",[],https://twitter.com/Crossdive1/status/1518082777404428289,
1518081331871326210,cinefilo_m,Cin√©filo J.M,https://twitter.com/cinefilo_m/photo,0,0,2,False,2022-04-24T04:16:08+00:00,"Pues no lo se, a mi se me har√≠a dif√≠cil verla de nuevo sin  su hermosa paleta de colores.",[],[],"['https://pbs.twimg.com/media/FRFMyLwXsAE3p1J?format=jpg&name=small', 'https://pbs.twimg.com/media/FRFNKZ0XsAE8Cci?format=jpg&name=360x360', 'https://pbs.twimg.com/media/FRFN5UWX0AAyHox?format=png&name=360x360']",[],https://twitter.com/cinefilo_m/status/1518081331871326210,
1518079596826083328,MendozaSeries,MENDOZA97,https://twitter.com/MendozaSeries/photo,0,0,7,False,2022-04-24T04:09:15+00:00,,[],[],['https://pbs.twimg.com/media/FRFNVjdXIAIHH1M?format=png&name=small'],[],https://twitter.com/MendozaSeries/status/1518079596826083328,
1518079369708662785,Its__Spiderman,Spider-Man #MakeTASM3,https://twitter.com/Its__Spiderman/photo,0,1,5,False,2022-04-24T04:08:20+00:00,"Y'll want 
The Amazing Spider-Man 3 
#MakeTASM3 
@SonyPictures
 ",['MakeTASM3'],['SonyPictures'],['https://pbs.twimg.com/media/FRFNIuSVkAEsTEx?format=jpg&name=small'],[],https://twitter.com/Its__Spiderman/status/1518079369708662785,
1518078729020399617,ynzaik2,Daniel,https://twitter.com/ynzaik2/photo,0,0,0,False,2022-04-24T04:05:48+00:00,Una obra maestra incomprendida XD,[],[],[],[],https://twitter.com/ynzaik2/status/1518078729020399617,
1518078036180099076,Its__Spiderman,Spider-Man #MakeTASM3,https://twitter.com/Its__Spiderman/photo,0,2,5,False,2022-04-24T04:03:03+00:00,"Just Peter and Gwen
The Amazing Spider-Man 
#MakeTASM3 
@SonyPictures
 ",['MakeTASM3'],['SonyPictures'],['https://pbs.twimg.com/media/FRFL7XLVIAg77n8?format=jpg&name=small'],[],https://twitter.com/Its__Spiderman/status/1518078036180099076,
1518076973519626241,rebelyell2049,wllm,https://twitter.com/rebelyell2049/photo,0,0,3,False,2022-04-24T03:58:49+00:00,,[],[],[],[],https://twitter.com/rebelyell2049/status/1518076973519626241,
1518076703478018048,Wildhour1,Wildhour,https://twitter.com/Wildhour1/photo,0,0,0,False,2022-04-24T03:57:45+00:00,Oh yeh....coming to PSVR or PSVR2 launch? The anticipation is killing me!,[],[],[],[],https://twitter.com/Wildhour1/status/1518076703478018048,
1518075977976352768,Its__Spiderman,Spider-Man #MakeTASM3,https://twitter.com/Its__Spiderman/photo,1,4,17,False,2022-04-24T03:54:52+00:00,"The whole world  wants TASM 3
#MakeTASM3
@SonyPictures",['MakeTASM3'],['SonyPictures'],[],['https://video.twimg.com/tweet_video/FRFKDJTVgAALroK.mp4'],https://twitter.com/Its__Spiderman/status/1518075977976352768,
1518075601374093312,christophrolmos,Christopher Olmos,https://twitter.com/christophrolmos/photo,0,0,1,False,2022-04-24T03:53:22+00:00,Masterpiece,[],[],[],[],https://twitter.com/christophrolmos/status/1518075601374093312,
1518074500084080640,MiredaProds,Mireda Producciones,https://twitter.com/MiredaProds/photo,7,8,167,False,2022-04-24T03:48:59+00:00,"¬øPara cuando la versi√≥n a blanco y negro de Jack y su gemela? Por favor 
@sonypictures_es",[],['sonypictures_es'],"['https://pbs.twimg.com/media/FRFItVMWYAI16Zu?format=jpg&name=small', 'https://pbs.twimg.com/media/FRFItdSXwAIVmzK?format=jpg&name=small']",[],https://twitter.com/MiredaProds/status/1518074500084080640,
1518072897662640128,maketasm3bot,Make TASM3 Bot,https://twitter.com/maketasm3bot/photo,0,4,4,False,2022-04-24T03:42:37+00:00,"Andrew Garfeild was robbed #maketasm3 
@sony
 @marvel
 @marvelstudios
 @sonypictures",['maketasm3'],"['sony', 'marvel', 'marvelstudios', 'sonypictures']",[],[],https://twitter.com/maketasm3bot/status/1518072897662640128,
1518067462939369472,MichaelTabrizi1,Michael Tabrizi,https://twitter.com/MichaelTabrizi1/photo,0,1,4,False,2022-04-24T03:21:02+00:00,"And even though this is a Raimi-related post, the same can also be said about #ReleaseTheWebbCut of The Amazing Spider-Man 2",['ReleaseTheWebbCut'],[],[],[],https://twitter.com/MichaelTabrizi1/status/1518067462939369472,
1518065796852985856,RaimiCut,RaimiCut: Spider-Man 3 Director‚Äôs Cut,https://twitter.com/RaimiCut/photo,2,13,49,False,2022-04-24T03:14:24+00:00,"Those who say 
@SonyPictures
 does NOT release director‚Äôs cut are wrong! , 1776 is a film made by Sony released in 1972, its director‚Äôs cut came out in 2002, 30 years after its release! , so no it‚Äôs not too late to finally get #ReleaseTheRaimiCut of Spider-Man 3",['ReleaseTheRaimiCut'],['SonyPictures'],['https://pbs.twimg.com/media/FRFAy2sXMAEA26K?format=jpg&name=small'],[],https://twitter.com/RaimiCut/status/1518065796852985856,
1518061469157318657,SebastianStMaur,Sebastian Seymour,https://twitter.com/SebastianStMaur/photo,0,2,8,False,2022-04-24T02:57:13+00:00,"#Day82 If you‚Äôre a fan of 
@AdamRifkin
‚Äôs #TheDarkBackward and are wondering why there isn‚Äôt a 4K or BluRay available you need to tag 
@SonyPicsHomeEnt
 & 
@SonyPictures
 and tell them to stop ignoring us. The fans deserve - no the fans DEMAND a  #DarkBackwardBluRay","['Day82', 'TheDarkBackward', 'DarkBackwardBluRay']","['AdamRifkin', 'SonyPicsHomeEnt', 'SonyPictures']",['https://pbs.twimg.com/media/FRE82uAVkAE0Na0?format=jpg&name=small'],[],https://twitter.com/SebastianStMaur/status/1518061469157318657,
1518059797463150600,Mugsenheimer,Mugsy | Citizen #1420,https://twitter.com/Mugsenheimer/photo,0,0,0,False,2022-04-24T02:50:34+00:00,"Dear 
@SonyPictures
 just left the theatre please sale your Marvel rights to Disney.  Thank you   Amen.",[],['SonyPictures'],[],[],https://twitter.com/Mugsenheimer/status/1518059797463150600,
1518056809063493633,SpiderWomanOFCL,Spider-Woman,https://twitter.com/SpiderWomanOFCL/photo,3,2,11,True,2022-04-24T02:38:42+00:00,"Day 271. Yeah? Is it? 
@SonyPictures",[],['SonyPictures'],['https://pbs.twimg.com/media/FQ0vQQWXwAAS3kx?format=jpg&name=small'],[],https://twitter.com/SpiderWomanOFCL/status/1518056809063493633,
1518055619672121344,xzwtk,Doctor chungo,https://twitter.com/xzwtk/photo,0,1,1,False,2022-04-24T02:33:58+00:00,"@SpiderMan
 acosando a una ni√±a. Haz algo 
@SonyPictures",[],"['SpiderMan', 'SonyPictures']",[],[],https://twitter.com/xzwtk/status/1518055619672121344,
1518051273097969664,WeNeedTasm3,The amazing spider man 3,https://twitter.com/WeNeedTasm3/photo,0,0,2,True,2022-04-24T02:16:42+00:00,@SonyPictures,[],['SonyPictures'],['https://pbs.twimg.com/media/FRD3AxLWYAIELqL?format=jpg&name=small'],[],https://twitter.com/WeNeedTasm3/status/1518051273097969664,
1518046698471186432,Its__Spiderman,Spider-Man #MakeTASM3,https://twitter.com/Its__Spiderman/photo,0,1,2,False,2022-04-24T01:58:31+00:00,"#MakeTASM3
@SonyPictures",['MakeTASM3'],['SonyPictures'],[],['https://video.twimg.com/tweet_video/FREvaxuUYAI2BcS.mp4'],https://twitter.com/Its__Spiderman/status/1518046698471186432,
1518046589427884032,AngelVXZ1998,Angelo Vergara,https://twitter.com/AngelVXZ1998/photo,0,0,0,False,2022-04-24T01:58:05+00:00,"Desgraciados, suelten No Way Home de una vez",[],[],[],[],https://twitter.com/AngelVXZ1998/status/1518046589427884032,
1518042643242139651,CelebMovieNews,Celebrity Movie News‚Ñ¢,https://twitter.com/CelebMovieNews/photo,0,0,1,False,2022-04-24T01:42:24+00:00,"BREAKING:  Exclusive on-set photo of the upcoming #KravenTheHunter movie! 
@SonyPictures
 @Sony
 @Marvel
 @MorbiusMovie
 #AaronTaylorJohnson","['KravenTheHunter', 'AaronTaylorJohnson']","['SonyPictures', 'Sony', 'Marvel', 'MorbiusMovie']",['https://pbs.twimg.com/media/FRErvQJXEAI1q-8?format=jpg&name=small'],[],https://twitter.com/CelebMovieNews/status/1518042643242139651,
1518035813107437569,hentaimasks,emo naruto,https://twitter.com/hentaimasks/photo,0,0,0,False,2022-04-24T01:15:16+00:00,"@Sony
 @SonyPictures
 @Marvel
 @MarvelStudios",[],"['Sony', 'SonyPictures', 'Marvel', 'MarvelStudios']",['https://pbs.twimg.com/media/FRElhifWYAES_3P?format=jpg&name=small'],[],https://twitter.com/hentaimasks/status/1518035813107437569,
1518027354391592960,OwnGameFRDC,frdc thinktank,https://twitter.com/OwnGameFRDC/photo,0,0,1,False,2022-04-24T00:41:39+00:00,"US-Media 
@wto
 Abuser End Title Axe =Void LIC L-Ziskin+ 
@sonypictures
 Columbia PMPG 
@CulverCityGov
 https://windyhillpictures.com http://followthroughproductions.net GO 
@usbotschaft
 @sagaftra
 @wgawest
 @USTradeRep
 @bundesrat
 ARD 
@one_ard
 DE-W Nachkriegs aenderungsstaatsvertrag http://eurosupertv.de/DB_Test/USIPRViolationsBy_W-Germany/207_Base_Step-233.htm‚Ä¶",[],"['wto', 'sonypictures', 'CulverCityGov', 'usbotschaft', 'sagaftra', 'wgawest', 'USTradeRep', 'bundesrat', 'one_ard']",['https://pbs.twimg.com/media/FREZnH0WQAAr3OA?format=jpg&name=small'],[],https://twitter.com/OwnGameFRDC/status/1518027354391592960,
1518024765830746115,yurirp4,Yuri Felipe,https://twitter.com/yurirp4/photo,0,0,2,True,2022-04-24T00:31:22+00:00,"Esse canal tem programa√ß√£o pra ficar anos no ar, sem repetir filmes!

O canal vai ter filmes das empresas: Columbia Pictures, TriStar Pictures, Sony Pictures Classics e Destination Films.(que s√£o todas da sony)

Acho que nem WBD+Disney tem tanto filme como a Sony
#SonyPictures",['SonyPictures'],[],[],['https://video.twimg.com/tweet_video/FRDWKDnXsAArl1F.mp4'],https://twitter.com/yurirp4/status/1518024765830746115,
1518020644805480454,sofia_9172,ùïæùñîùñãùñéùñÜ,https://twitter.com/sofia_9172/photo,1,0,1,False,2022-04-24T00:14:59+00:00,Ahora no te pone la peluca?en serio?pa shocarte....,[],[],[],['https://video.twimg.com/tweet_video/FREXudgWQAUXgpv.mp4'],https://twitter.com/sofia_9172/status/1518020644805480454,
